image,word
img0001.png,irreclaimability
img0002.png,palistrophia
img0003.png,lexicographical
img0004.png,oligodynamic
img0005.png,tonsillitic
img0006.png,wireweed
img0007.png,housekeeperlike
img0008.png,carpincho
img0009.png,grape
img0010.png,remontant
img0011.png,unlovely
img0012.png,panfil
img0013.png,unthatch
img0014.png,sullenness
img0015.png,ringsider
img0016.png,Oyana
img0017.png,corespect
img0018.png,pulmonarian
img0019.png,Augustus
img0020.png,reposefulness
img0021.png,walsh
img0022.png,leptorrhinism
img0023.png,heteroousia
img0024.png,Marylander
img0025.png,dismissive
img0026.png,delirious
img0027.png,Cristineaux
img0028.png,proliterary
img0029.png,tiringly
img0030.png,fireproof
img0031.png,cappy
img0032.png,hematomyelitis
img0033.png,papered
img0034.png,whipking
img0035.png,hypophloeous
img0036.png,hardim
img0037.png,Shape
img0038.png,strepsipteron
img0039.png,preparatorily
img0040.png,autosoterism
img0041.png,undrugged
img0042.png,mintage
img0043.png,conchylium
img0044.png,innumerous
img0045.png,extradialectal
img0046.png,entomostracan
img0047.png,archisperm
img0048.png,collusiveness
img0049.png,bacchant
img0050.png,microsphaeric
img0051.png,leguminous
img0052.png,transeptally
img0053.png,homocreosol
img0054.png,Sampsaean
img0055.png,obole
img0056.png,rodless
img0057.png,envying
img0058.png,gardener
img0059.png,vervain
img0060.png,antisuffragist
img0061.png,phenolate
img0062.png,winchman
img0063.png,complainant
img0064.png,kieserite
img0065.png,foredefeated
img0066.png,Rhynchops
img0067.png,underofficer
img0068.png,barbiton
img0069.png,decidedness
img0070.png,compendia
img0071.png,stomatocace
img0072.png,thirdness
img0073.png,antiputrefaction
img0074.png,immutual
img0075.png,chondrification
img0076.png,talismanically
img0077.png,eavedrop
img0078.png,evaluative
img0079.png,graphiology
img0080.png,amorphously
img0081.png,sulfamerazin
img0082.png,nobly
img0083.png,unwakening
img0084.png,kob
img0085.png,Magellanian
img0086.png,amphitheater
img0087.png,ovorhomboid
img0088.png,distributable
img0089.png,incidently
img0090.png,ruckle
img0091.png,hydrophylacium
img0092.png,bidactyl
img0093.png,apostolicalness
img0094.png,recordable
img0095.png,peracetic
img0096.png,sphery
img0097.png,invigoratively
img0098.png,serriped
img0099.png,overexplain
img0100.png,ringleaderless